{"cameraMode":{"drawMode":0,"name":"Shaded","section":"Shading Mode"},"sceneLighting":false,"audioPlay":false,"sceneViewState":{"showFog":true,"showMaterialUpdate":false,"showSkybox":false,"showFlares":true,"showImageEffects":true,"showParticleSystems":true},"in2DMode":false,"pivot":{"x":27.70011329650879,"y":32.75347900390625,"z":-7.679773330688477},"rotation":{"x":0.3600943982601166,"y":-0.525525689125061,"z":0.2609004080295563,"w":0.7253261804580689},"size":1.4599251747131348,"orthographic":false}