{"cameraMode":{"drawMode":0,"name":"Shaded","section":"Shading Mode"},"sceneLighting":false,"audioPlay":false,"sceneViewState":{"showFog":true,"showMaterialUpdate":false,"showSkybox":false,"showFlares":true,"showImageEffects":true,"showParticleSystems":true},"in2DMode":false,"pivot":{"x":-0.19893860816955567,"y":0.09499996900558472,"z":-3.2149999141693117},"rotation":{"x":0.31605246663093569,"y":-0.6550790667533875,"z":0.3511033058166504,"w":0.5896790027618408},"size":0.312438428401947,"orthographic":false}